filename,summary
ai_healthcare_report.pdf,"This document details the significant development progress of an AI-powered healthcare monitoring platform specifically designed for remote patient analysis and proactive health management. The system's core functionality revolves around the continuous collection of vital patient data, such as heart rate, oxygen levels, and blood pressure readings, which are seamlessly transmitted from wearable devices to a secure, cloud-based backend for sophisticated processing. A critical component of this platform is its reliance on advanced machine learning models, which are meticulously trained to identify and flag abnormal patterns within the collected physiological data. This intelligent analysis enables the system to detect potential health anomalies early, providing medical professionals with a comprehensive patient summary dashboard and, crucially, triggering immediate emergency alerts when unusual or critical health conditions are detected, thereby enhancing patient safety and facilitating timely medical intervention.

From an architectural standpoint, the platform employs a robust and modern technology stack. The backend infrastructure is efficiently built using FastAPI, known for its high performance and ease of use in API development, coupled with PostgreSQL for reliable and scalable data storage. The user-facing frontend, designed for doctors to access patient summaries and alerts, is implemented with React, offering a dynamic and responsive user experience. Security is a paramount concern, addressed through the integration of JWT (JSON Web Token) tokens for secure communication and role-based access control (RBAC) to ensure that only authorized personnel can access sensitive patient information based on their defined roles. Looking ahead, the development roadmap includes several key enhancements aimed at expanding functionality and improving operational efficiency. These future improvements encompass integrating voice assistant support for enhanced accessibility, adding multilingual capabilities to cater to a broader user base, and strategically deploying the entire application using Docker and Kubernetes. This containerization and orchestration strategy is crucial for achieving high availability, robust scalability, and efficient management of the platform as it grows."
market_research.docx,"This Quarterly Market Research Report provides a comprehensive analysis of the electric vehicle (EV) industry's growth trends observed during the first quarter of the year. The study meticulously examined several critical aspects, including evolving consumer demand, the expansion of manufacturing capabilities, the development and accessibility of charging infrastructure, and the impact of government policies designed to support sustainable transportation initiatives. Key findings indicate a significant surge in EV adoption, particularly within urban regions, a trend primarily driven by the confluence of rising conventional fuel prices and substantial improvements in charging accessibility across various locales. Furthermore, the report highlights proactive steps taken by several prominent automotive companies, which announced the introduction of new electric vehicle models specifically targeting the mid-range consumer market to broaden appeal and accelerate adoption.

Despite the positive growth trajectory, the report also identifies several significant challenges that could impede future expansion. These include persistent issues within the battery supply chain, which continue to pose a constraint on production capacity, and inconsistencies among various charging standards, creating potential inconvenience for consumers and complicating infrastructure development. High production costs for EVs also remain a concern, potentially impacting affordability and market penetration. Nevertheless, industry analysts maintain an optimistic outlook, predicting sustained market growth over the next five years, indicating a resilient demand despite these hurdles. To navigate these challenges and ensure continued progress, the report puts forth strategic recommendations, advocating for increased investment in battery innovation to reduce costs and improve performance, the aggressive expansion of fast-charging networks to alleviate range anxiety, and enhanced public awareness campaigns to educate consumers about the environmental benefits and operational advantages associated with electric vehicles."
project_update.txt,"This document outlines the significant development progress of an innovative AI-powered healthcare monitoring platform, meticulously designed for comprehensive remote patient analysis. The system's core functionality revolves around the seamless collection of vital patient data, including heart rate, oxygen levels, and blood pressure readings, directly from a variety of wearable devices. This crucial health information is then securely transmitted to a robust, cloud-based backend for advanced processing and real-time analysis. A key differentiator of this platform is its integration of sophisticated machine learning models, which are continuously leveraged to detect and flag abnormal patterns or deviations in the collected vital signs. This proactive detection capability provides medical professionals with immediate insights into a patient's health status, allowing for timely intervention. Doctors can conveniently access detailed patient summaries through a dedicated dashboard and receive critical emergency alerts whenever unusual or concerning health conditions are identified, significantly enhancing patient safety and the overall efficiency of remote care.

From a technical perspective, the platform boasts a modern and scalable architecture. The backend is built using FastAPI, a high-performance Python web framework, ensuring efficient API communication, and is supported by PostgreSQL for reliable and scalable data storage. The frontend, specifically the intuitive doctor's dashboard, is developed with React, providing a responsive and user-friendly interface for medical personnel. Security is a paramount consideration, addressed through the implementation of JWT (JSON Web Tokens) for secure authentication and a robust role-based access control (RBAC) system to manage user permissions effectively. Looking ahead, the development roadmap includes several strategic enhancements aimed at broadening the system's capabilities and reach. Future improvements encompass integrating voice assistant support for more intuitive interaction, adding comprehensive multilingual accessibility to serve a diverse patient population, and strategically deploying the entire application using containerization technologies like Docker and orchestration platforms such as Kubernetes. This advanced deployment strategy will ensure unparalleled scalability, resilience, and efficient management of the system as it expands, solidifying its position as a cutting-edge solution in remote healthcare monitoring."
asmitamallick_cv.pdf,"
    Summary generation temporarily failed because
    the Gemini API is currently overloaded.
    Please try again later.
    "
